{"feature_loss":393.0358581542969,"total_loss":399.9990539550781,"_timestamp":1.7736441953019717e+09,"_wandb":{"runtime":68},"_runtime":68,"_step":40,"hard_ce":6.927403450012207,"soft_ce":0.0715903714299202}