{"hard_ce":6.821701526641846,"soft_ce":0.07075484097003937,"feature_loss":389.5648498535156,"total_loss":396.42193603515625,"_timestamp":1.7736470099662771e+09,"_wandb":{"runtime":2754},"_runtime":2754,"_step":1736}