{"_step":4,"hard_ce":6.918116092681885,"soft_ce":0.07031247764825821,"feature_loss":393.87188720703125,"total_loss":400.8251647949219,"_timestamp":1.7736440761832957e+09,"_wandb":{"runtime":12},"_runtime":12}